	wavelength	i
	0.75199E+04	0.10000E+01
	0.75222E+04	0.10000E+01
	0.75245E+04	0.10000E+01
	0.75267E+04	0.10000E+01
	0.75290E+04	0.10000E+01
	0.75313E+04	0.10000E+01
	0.75335E+04	0.10000E+01
	0.75358E+04	0.10000E+01
	0.75381E+04	0.10000E+01
	0.75403E+04	0.10000E+01
	0.75426E+04	0.10000E+01
	0.75449E+04	0.10000E+01
	0.75472E+04	0.10000E+01
	0.75494E+04	0.10000E+01
	0.75517E+04	0.10000E+01
	0.75540E+04	0.10000E+01
	0.75563E+04	0.10000E+01
	0.75586E+04	0.10000E+01
	0.75609E+04	0.10000E+01
	0.75632E+04	0.10000E+01
	0.75654E+04	0.10000E+01
	0.75677E+04	0.10000E+01
	0.75700E+04	0.10000E+01
	0.75723E+04	0.10000E+01
	0.75746E+04	0.10000E+01
	0.75769E+04	0.10000E+01
	0.75792E+04	0.10000E+01
	0.75815E+04	0.10000E+01
	0.75838E+04	0.10000E+01
	0.75861E+04	0.10000E+01
	0.75884E+04	0.10000E+01
	0.75907E+04	0.10000E+01
	0.75930E+04	0.99960E+00
	0.75953E+04	0.88420E+00
	0.75976E+04	0.49300E+00
	0.75999E+04	0.48870E+00
	0.76022E+04	0.45210E+00
	0.76046E+04	0.27830E+00
	0.76069E+04	0.26790E+00
	0.76092E+04	0.29340E+00
	0.76115E+04	0.35410E+00
	0.76138E+04	0.48880E+00
	0.76161E+04	0.52450E+00
	0.76185E+04	0.72860E+00
	0.76208E+04	0.96940E+00
	0.76231E+04	0.71240E+00
	0.76254E+04	0.54360E+00
	0.76278E+04	0.71160E+00
	0.76301E+04	0.40000E+00
	0.76324E+04	0.63100E+00
	0.76348E+04	0.59640E+00
	0.76371E+04	0.56050E+00
	0.76394E+04	0.69470E+00
	0.76418E+04	0.48300E+00
	0.76441E+04	0.84540E+00
	0.76464E+04	0.51380E+00
	0.76488E+04	0.90380E+00
	0.76511E+04	0.62840E+00
	0.76535E+04	0.88740E+00
	0.76558E+04	0.80040E+00
	0.76581E+04	0.81990E+00
	0.76605E+04	0.87080E+00
	0.76628E+04	0.84440E+00
	0.76652E+04	0.99240E+00
	0.76675E+04	0.79870E+00
	0.76699E+04	0.99630E+00
	0.76722E+04	0.92650E+00
	0.76746E+04	0.92830E+00
	0.76770E+04	0.99920E+00
	0.76793E+04	0.90430E+00
	0.76817E+04	0.99960E+00
	0.76840E+04	0.97080E+00
	0.76864E+04	0.96990E+00
	0.76888E+04	0.10000E+01
	0.76911E+04	0.97980E+00
	0.76935E+04	0.98870E+00
	0.76959E+04	0.10000E+01
	0.76982E+04	0.98630E+00
	0.77006E+04	0.10000E+01
	0.77030E+04	0.10000E+01
	0.77053E+04	0.99500E+00
	0.77077E+04	0.10000E+01
	0.77101E+04	0.10000E+01
	0.77125E+04	0.99840E+00
	0.77149E+04	0.10000E+01
	0.77172E+04	0.10000E+01
	0.77196E+04	0.99960E+00
	0.77220E+04	0.10000E+01
	0.77244E+04	0.10000E+01
	0.77268E+04	0.10000E+01
	0.77292E+04	0.10000E+01
	0.77316E+04	0.10000E+01
	0.77340E+04	0.10000E+01
	0.77363E+04	0.10000E+01
	0.77387E+04	0.10000E+01
	0.77411E+04	0.10000E+01
	0.77435E+04	0.10000E+01
	0.77459E+04	0.10000E+01
	0.77483E+04	0.10000E+01
	0.77507E+04	0.10000E+01
	0.77531E+04	0.10000E+01
	0.77555E+04	0.10000E+01
	0.77580E+04	0.10000E+01
	0.77604E+04	0.10000E+01
	0.77628E+04	0.10000E+01
	0.77652E+04	0.10000E+01
	0.77676E+04	0.10000E+01
	0.77700E+04	0.10000E+01
	0.77724E+04	0.10000E+01
	0.77748E+04	0.10000E+01
	0.77773E+04	0.10000E+01
	0.77797E+04	0.10000E+01
	0.77821E+04	0.10000E+01
	0.77845E+04	0.10000E+01
	0.77869E+04	0.10000E+01
	0.77894E+04	0.10000E+01
	0.77918E+04	0.10000E+01
	0.77942E+04	0.10000E+01
	0.77967E+04	0.10000E+01
	0.77991E+04	0.10000E+01
	0.78015E+04	0.10000E+01
	0.78040E+04	0.10000E+01
	0.78064E+04	0.10000E+01
	0.78088E+04	0.10000E+01
	0.78113E+04	0.10000E+01
	0.78137E+04	0.10000E+01
	0.78162E+04	0.10000E+01
	0.78186E+04	0.10000E+01
	0.78211E+04	0.10000E+01
	0.78235E+04	0.10000E+01
	0.78260E+04	0.10000E+01
	0.78284E+04	0.10000E+01
	0.78309E+04	0.10000E+01
	0.78333E+04	0.10000E+01
	0.78358E+04	0.10000E+01
	0.78382E+04	0.10000E+01
	0.78407E+04	0.10000E+01
	0.78431E+04	0.10000E+01
	0.78456E+04	0.10000E+01
	0.78481E+04	0.10000E+01
	0.78505E+04	0.10000E+01
	0.78530E+04	0.10000E+01
	0.78555E+04	0.10000E+01
	0.78579E+04	0.10000E+01
	0.78604E+04	0.10000E+01
	0.78629E+04	0.10000E+01
	0.78653E+04	0.10000E+01
	0.78678E+04	0.10000E+01
	0.78703E+04	0.10000E+01
	0.78728E+04	0.10000E+01
	0.78753E+04	0.10000E+01
	0.78777E+04	0.10000E+01
	0.78802E+04	0.10000E+01
	0.78827E+04	0.10000E+01
	0.78852E+04	0.10000E+01
	0.78877E+04	0.10000E+01
	0.78902E+04	0.10000E+01
	0.78927E+04	0.10000E+01
	0.78952E+04	0.10000E+01
	0.78976E+04	0.10000E+01
	0.79001E+04	0.10000E+01
	0.79026E+04	0.10000E+01
	0.79051E+04	0.10000E+01
	0.79076E+04	0.10000E+01
	0.79101E+04	0.10000E+01
	0.79126E+04	0.10000E+01
	0.79151E+04	0.10000E+01
	0.79177E+04	0.10000E+01
	0.79202E+04	0.10000E+01
	0.79227E+04	0.10000E+01
	0.79252E+04	0.10000E+01
	0.79277E+04	0.10000E+01
	0.79302E+04	0.10000E+01
	0.79327E+04	0.10000E+01
	0.79352E+04	0.10000E+01
	0.79378E+04	0.10000E+01
	0.79403E+04	0.10000E+01
	0.79428E+04	0.10000E+01
	0.79453E+04	0.10000E+01
	0.79479E+04	0.10000E+01
	0.79504E+04	0.10000E+01
	0.79529E+04	0.10000E+01
	0.79555E+04	0.10000E+01
	0.79580E+04	0.10000E+01
	0.79605E+04	0.10000E+01
	0.79631E+04	0.10000E+01
	0.79656E+04	0.10000E+01
	0.79681E+04	0.10000E+01
	0.79707E+04	0.10000E+01
	0.79732E+04	0.10000E+01
	0.79758E+04	0.10000E+01
	0.79783E+04	0.10000E+01
	0.79808E+04	0.10000E+01
	0.79834E+04	0.10000E+01
	0.79859E+04	0.10000E+01
	0.79885E+04	0.10000E+01
	0.79910E+04	0.10000E+01
	0.79936E+04	0.10000E+01
	0.79962E+04	0.10000E+01
	0.79987E+04	0.10000E+01
	0.80013E+04	0.10000E+01
	0.80038E+04	0.10000E+01
	0.80064E+04	0.10000E+01
	0.80090E+04	0.10000E+01
	0.80115E+04	0.10000E+01
	0.80141E+04	0.10000E+01
	0.80167E+04	0.10000E+01
	0.80192E+04	0.10000E+01
	0.80218E+04	0.10000E+01
	0.80244E+04	0.10000E+01
	0.80270E+04	0.10000E+01
	0.80295E+04	0.10000E+01
	0.80321E+04	0.10000E+01
	0.80347E+04	0.10000E+01
	0.80373E+04	0.10000E+01
	0.80399E+04	0.10000E+01
	0.80425E+04	0.10000E+01
	0.80451E+04	0.10000E+01
	0.80476E+04	0.10000E+01
	0.80502E+04	0.10000E+01
	0.80528E+04	0.10000E+01
	0.80554E+04	0.10000E+01
	0.80580E+04	0.10000E+01
	0.80606E+04	0.10000E+01
	0.80632E+04	0.10000E+01
	0.80658E+04	0.10000E+01
	0.80684E+04	0.10000E+01
	0.80710E+04	0.10000E+01
	0.80736E+04	0.10000E+01
	0.80762E+04	0.10000E+01
	0.80789E+04	0.10000E+01
	0.80815E+04	0.10000E+01
	0.80841E+04	0.10000E+01
	0.80867E+04	0.10000E+01
	0.80893E+04	0.10000E+01
	0.80919E+04	0.10000E+01
	0.80945E+04	0.10000E+01
	0.80972E+04	0.10000E+01
	0.80998E+04	0.10000E+01
	0.81024E+04	0.10000E+01
	0.81050E+04	0.10000E+01
	0.81077E+04	0.10000E+01
	0.81103E+04	0.10000E+01
	0.81129E+04	0.10000E+01
	0.81156E+04	0.10000E+01
	0.81182E+04	0.10000E+01
	0.81208E+04	0.10000E+01
	0.81235E+04	0.10000E+01
	0.81261E+04	0.10000E+01
	0.81288E+04	0.10000E+01
	0.81314E+04	0.10000E+01
	0.81340E+04	0.10000E+01
	0.81367E+04	0.10000E+01
	0.81393E+04	0.10000E+01
	0.81420E+04	0.10000E+01
	0.81446E+04	0.10000E+01
	0.81473E+04	0.10000E+01
	0.81500E+04	0.10000E+01
	0.81526E+04	0.10000E+01
	0.81553E+04	0.10000E+01
	0.81579E+04	0.10000E+01
	0.81606E+04	0.10000E+01
	0.81633E+04	0.10000E+01
	0.81659E+04	0.10000E+01
	0.81686E+04	0.10000E+01
	0.81713E+04	0.10000E+01
	0.81739E+04	0.10000E+01
	0.81766E+04	0.10000E+01
	0.81793E+04	0.10000E+01
	0.81820E+04	0.10000E+01
	0.81846E+04	0.10000E+01
	0.81873E+04	0.10000E+01
	0.81900E+04	0.10000E+01
	0.81927E+04	0.10000E+01
	0.81954E+04	0.10000E+01
	0.81981E+04	0.10000E+01
	0.82008E+04	0.10000E+01
	0.82034E+04	0.10000E+01
	0.82061E+04	0.10000E+01
	0.82088E+04	0.10000E+01
	0.82115E+04	0.10000E+01
	0.82142E+04	0.10000E+01
	0.82169E+04	0.10000E+01
	0.82196E+04	0.10000E+01
	0.82223E+04	0.10000E+01
	0.82250E+04	0.10000E+01
	0.82277E+04	0.10000E+01
	0.82305E+04	0.10000E+01
	0.82332E+04	0.10000E+01
	0.82359E+04	0.10000E+01
	0.82386E+04	0.10000E+01
	0.82413E+04	0.10000E+01
	0.82440E+04	0.10000E+01
	0.82467E+04	0.10000E+01
	0.82495E+04	0.10000E+01
	0.82522E+04	0.10000E+01
	0.82549E+04	0.10000E+01
	0.82576E+04	0.10000E+01
	0.82604E+04	0.10000E+01
	0.82631E+04	0.10000E+01
	0.82658E+04	0.10000E+01
	0.82686E+04	0.10000E+01
	0.82713E+04	0.10000E+01
	0.82740E+04	0.10000E+01
	0.82768E+04	0.10000E+01
	0.82795E+04	0.99990E+00
	0.82823E+04	0.98560E+00
	0.82850E+04	0.97470E+00
	0.82878E+04	0.99990E+00
	0.82905E+04	0.96190E+00
	0.82932E+04	0.99850E+00
	0.82960E+04	0.97900E+00
	0.82988E+04	0.99790E+00
	0.83015E+04	0.98780E+00
	0.83043E+04	0.99920E+00
	0.83070E+04	0.97180E+00
	0.83098E+04	0.99980E+00
	0.83126E+04	0.99910E+00
	0.83153E+04	0.99220E+00
	0.83181E+04	0.99420E+00
	0.83209E+04	0.98610E+00
	0.83236E+04	0.97230E+00
	0.83264E+04	0.10000E+01
	0.83292E+04	0.99870E+00
	0.83319E+04	0.99250E+00
	0.83347E+04	0.99450E+00
	0.83375E+04	0.99610E+00
	0.83403E+04	0.98890E+00
	0.83431E+04	0.99920E+00
	0.83459E+04	0.99840E+00
	0.83486E+04	0.99980E+00
	0.83514E+04	0.99440E+00
	0.83542E+04	0.99980E+00
	0.83570E+04	0.99780E+00
	0.83598E+04	0.99510E+00
	0.83626E+04	0.99880E+00
	0.83654E+04	0.99600E+00
	0.83682E+04	0.99570E+00
	0.83710E+04	0.99650E+00
	0.83738E+04	0.10000E+01
	0.83766E+04	0.99730E+00
	0.83794E+04	0.99680E+00
	0.83822E+04	0.10000E+01
	0.83850E+04	0.99890E+00
	0.83879E+04	0.99580E+00
	0.83907E+04	0.99870E+00
	0.83935E+04	0.10000E+01
	0.83963E+04	0.99710E+00
	0.83991E+04	0.99930E+00
	0.84019E+04	0.99900E+00
	0.84048E+04	0.10000E+01
	0.84076E+04	0.99630E+00
	0.84104E+04	0.99770E+00
	0.84133E+04	0.99930E+00
	0.84161E+04	0.99990E+00
	0.84189E+04	0.99610E+00
	0.84218E+04	0.99730E+00
	0.84246E+04	0.10000E+01
	0.84274E+04	0.10000E+01
	0.84303E+04	0.99940E+00
	0.84331E+04	0.99700E+00
	0.84360E+04	0.99970E+00
	0.84388E+04	0.10000E+01
	0.84417E+04	0.10000E+01
	0.84445E+04	0.99900E+00
	0.84474E+04	0.99880E+00
	0.84502E+04	0.10000E+01
	0.84531E+04	0.99950E+00
	0.84559E+04	0.99990E+00
	0.84588E+04	0.10000E+01
	0.84617E+04	0.99820E+00
	0.84645E+04	0.10000E+01
	0.84674E+04	0.10000E+01
	0.84703E+04	0.10000E+01
	0.84731E+04	0.10000E+01
	0.84760E+04	0.10000E+01
	0.84789E+04	0.99980E+00
	0.84818E+04	0.99860E+00
	0.84846E+04	0.99970E+00
	0.84875E+04	0.10000E+01
	0.84904E+04	0.99860E+00
	0.84933E+04	0.10000E+01
	0.84962E+04	0.99960E+00
	0.84991E+04	0.99940E+00
	0.85020E+04	0.99980E+00
	0.85048E+04	0.99940E+00
	0.85077E+04	0.99920E+00
	0.85106E+04	0.10000E+01
	0.85135E+04	0.99650E+00
	0.85164E+04	0.99980E+00
	0.85193E+04	0.10000E+01
	0.85222E+04	0.99840E+00
	0.85251E+04	0.10000E+01
	0.85281E+04	0.99950E+00
	0.85310E+04	0.99970E+00
	0.85339E+04	0.10000E+01
	0.85368E+04	0.99950E+00
	0.85397E+04	0.99970E+00
	0.85426E+04	0.99850E+00
	0.85455E+04	0.10000E+01
	0.85485E+04	0.99930E+00
	0.85514E+04	0.10000E+01
	0.85543E+04	0.10000E+01
	0.85572E+04	0.99910E+00
	0.85602E+04	0.10000E+01
	0.85631E+04	0.10000E+01
	0.85660E+04	0.10000E+01
	0.85690E+04	0.10000E+01
	0.85719E+04	0.10000E+01
	0.85749E+04	0.99960E+00
	0.85778E+04	0.10000E+01
	0.85807E+04	0.10000E+01
	0.85837E+04	0.10000E+01
	0.85866E+04	0.10000E+01
	0.85896E+04	0.10000E+01
	0.85925E+04	0.99980E+00
	0.85955E+04	0.10000E+01
	0.85985E+04	0.10000E+01
	0.86014E+04	0.10000E+01
	0.86044E+04	0.10000E+01
	0.86073E+04	0.10000E+01
	0.86103E+04	0.10000E+01
	0.86133E+04	0.10000E+01
	0.86162E+04	0.10000E+01
	0.86192E+04	0.10000E+01
	0.86222E+04	0.10000E+01
	0.86252E+04	0.10000E+01
	0.86281E+04	0.10000E+01
	0.86311E+04	0.10000E+01
	0.86341E+04	0.10000E+01
	0.86371E+04	0.10000E+01
	0.86401E+04	0.10000E+01
	0.86430E+04	0.10000E+01
	0.86460E+04	0.10000E+01
	0.86490E+04	0.10000E+01
	0.86520E+04	0.10000E+01
	0.86550E+04	0.10000E+01
	0.86580E+04	0.10000E+01
	0.86610E+04	0.10000E+01
	0.86640E+04	0.10000E+01
	0.86670E+04	0.10000E+01
	0.86700E+04	0.10000E+01
	0.86730E+04	0.10000E+01
	0.86760E+04	0.10000E+01
	0.86790E+04	0.10000E+01
	0.86821E+04	0.10000E+01
	0.86851E+04	0.10000E+01
	0.86881E+04	0.10000E+01
	0.86911E+04	0.10000E+01
	0.86941E+04	0.10000E+01
	0.86972E+04	0.10000E+01
	0.87002E+04	0.10000E+01
	0.87032E+04	0.10000E+01
	0.87063E+04	0.10000E+01
	0.87093E+04	0.10000E+01
	0.87123E+04	0.10000E+01
	0.87154E+04	0.10000E+01
	0.87184E+04	0.10000E+01
	0.87214E+04	0.10000E+01
	0.87245E+04	0.10000E+01
	0.87275E+04	0.10000E+01
	0.87306E+04	0.10000E+01
	0.87336E+04	0.10000E+01
	0.87367E+04	0.10000E+01
	0.87397E+04	0.10000E+01
	0.87428E+04	0.10000E+01
	0.87458E+04	0.10000E+01
	0.87489E+04	0.10000E+01
	0.87520E+04	0.10000E+01
	0.87550E+04	0.10000E+01
	0.87581E+04	0.10000E+01
	0.87612E+04	0.10000E+01
	0.87642E+04	0.10000E+01
	0.87673E+04	0.10000E+01
	0.87704E+04	0.10000E+01
	0.87735E+04	0.10000E+01
	0.87765E+04	0.10000E+01
	0.87796E+04	0.10000E+01
	0.87827E+04	0.10000E+01
	0.87858E+04	0.10000E+01
	0.87889E+04	0.10000E+01
	0.87920E+04	0.10000E+01
	0.87951E+04	0.10000E+01
	0.87982E+04	0.10000E+01
	0.88013E+04	0.10000E+01
	0.88044E+04	0.99980E+00
	0.88075E+04	0.10000E+01
	0.88106E+04	0.10000E+01
	0.88137E+04	0.99980E+00
	0.88168E+04	0.10000E+01
	0.88199E+04	0.10000E+01
	0.88230E+04	0.99980E+00
	0.88261E+04	0.10000E+01
	0.88292E+04	0.10000E+01
	0.88324E+04	0.99980E+00
	0.88355E+04	0.10000E+01
	0.88386E+04	0.10000E+01
	0.88417E+04	0.10000E+01
	0.88449E+04	0.10000E+01
	0.88480E+04	0.10000E+01
	0.88511E+04	0.10000E+01
	0.88543E+04	0.99980E+00
	0.88574E+04	0.10000E+01
	0.88605E+04	0.99850E+00
	0.88637E+04	0.10000E+01
	0.88668E+04	0.10000E+01
	0.88700E+04	0.99940E+00
	0.88731E+04	0.10000E+01
	0.88763E+04	0.10000E+01
	0.88794E+04	0.10000E+01
	0.88826E+04	0.99850E+00
	0.88857E+04	0.99970E+00
	0.88889E+04	0.10000E+01
	0.88921E+04	0.10000E+01
	0.88952E+04	0.10000E+01
	0.88984E+04	0.99920E+00
	0.89015E+04	0.99950E+00
	0.89047E+04	0.99990E+00
	0.89079E+04	0.10000E+01
	0.89111E+04	0.99960E+00
	0.89142E+04	0.99970E+00
	0.89174E+04	0.99950E+00
	0.89206E+04	0.99840E+00
	0.89238E+04	0.99950E+00
	0.89270E+04	0.10000E+01
	0.89302E+04	0.99440E+00
	0.89334E+04	0.99520E+00
	0.89366E+04	0.99360E+00
	0.89397E+04	0.99940E+00
	0.89429E+04	0.99410E+00
	0.89461E+04	0.99440E+00
	0.89493E+04	0.99030E+00
	0.89526E+04	0.99170E+00
	0.89558E+04	0.96900E+00
	0.89590E+04	0.97900E+00
	0.89622E+04	0.99190E+00
	0.89654E+04	0.94860E+00
	0.89686E+04	0.94930E+00
	0.89718E+04	0.99600E+00
	0.89750E+04	0.93670E+00
	0.89783E+04	0.96520E+00
	0.89815E+04	0.95450E+00
	0.89847E+04	0.97850E+00
	0.89880E+04	0.95520E+00
	0.89912E+04	0.88590E+00
	0.89944E+04	0.86760E+00
	0.89977E+04	0.99840E+00
	0.90009E+04	0.98970E+00
	0.90041E+04	0.90890E+00
	0.90074E+04	0.93590E+00
	0.90106E+04	0.95180E+00
	0.90139E+04	0.94660E+00
	0.90171E+04	0.99010E+00
	0.90204E+04	0.88840E+00
	0.90236E+04	0.94480E+00
	0.90269E+04	0.91840E+00
	0.90302E+04	0.98550E+00
	0.90334E+04	0.96540E+00
	0.90367E+04	0.99640E+00
	0.90400E+04	0.10000E+01
	0.90432E+04	0.98430E+00
	0.90465E+04	0.97910E+00
	0.90498E+04	0.99070E+00
	0.90531E+04	0.99350E+00
	0.90563E+04	0.96690E+00
	0.90596E+04	0.99930E+00
	0.90629E+04	0.97020E+00
	0.90662E+04	0.96600E+00
	0.90695E+04	0.99550E+00
	0.90728E+04	0.90100E+00
	0.90761E+04	0.92570E+00
	0.90794E+04	0.99910E+00
	0.90827E+04	0.89110E+00
	0.90860E+04	0.99700E+00
	0.90893E+04	0.90980E+00
	0.90926E+04	0.98040E+00
	0.90959E+04	0.95750E+00
	0.90992E+04	0.98000E+00
	0.91025E+04	0.90840E+00
	0.91058E+04	0.99810E+00
	0.91091E+04	0.91180E+00
	0.91124E+04	0.98490E+00
	0.91158E+04	0.99610E+00
	0.91191E+04	0.94930E+00
	0.91224E+04	0.93350E+00
	0.91258E+04	0.98740E+00
	0.91291E+04	0.98040E+00
	0.91324E+04	0.90540E+00
	0.91358E+04	0.96090E+00
	0.91391E+04	0.89120E+00
	0.91424E+04	0.99080E+00
	0.91458E+04	0.98600E+00
	0.91491E+04	0.99750E+00
	0.91525E+04	0.98190E+00
	0.91558E+04	0.93350E+00
	0.91592E+04	0.90610E+00
	0.91625E+04	0.97860E+00
	0.91659E+04	0.98950E+00
	0.91693E+04	0.98380E+00
	0.91726E+04	0.98680E+00
	0.91760E+04	0.92000E+00
	0.91794E+04	0.95400E+00
	0.91827E+04	0.98900E+00
	0.91861E+04	0.95630E+00
	0.91895E+04	0.99680E+00
	0.91929E+04	0.99170E+00
	0.91962E+04	0.96830E+00
	0.91996E+04	0.97560E+00
	0.92030E+04	0.99760E+00
	0.92064E+04	0.99590E+00
	0.92098E+04	0.98070E+00
	0.92132E+04	0.99870E+00
	0.92166E+04	0.97190E+00
	0.92200E+04	0.97610E+00
	0.92234E+04	0.99330E+00
	0.92268E+04	0.98690E+00
	0.92302E+04	0.99700E+00
	0.92336E+04	0.98730E+00
	0.92370E+04	0.98220E+00
	0.92404E+04	0.97790E+00
	0.92439E+04	0.99400E+00
	0.92473E+04	0.97160E+00
	0.92507E+04	0.99260E+00
	0.92541E+04	0.98420E+00
	0.92575E+04	0.99200E+00
	0.92610E+04	0.99190E+00
	0.92644E+04	0.97240E+00
	0.92678E+04	0.99460E+00
	0.92713E+04	0.99240E+00
	0.92747E+04	0.97810E+00
	0.92782E+04	0.98400E+00
	0.92816E+04	0.93930E+00
	0.92851E+04	0.99240E+00
	0.92885E+04	0.95610E+00
	0.92920E+04	0.97410E+00
	0.92954E+04	0.93760E+00
	0.92989E+04	0.91280E+00
	0.93023E+04	0.90120E+00
	0.93058E+04	0.90770E+00
	0.93093E+04	0.89560E+00
	0.93127E+04	0.83960E+00
	0.93162E+04	0.92720E+00
	0.93197E+04	0.68790E+00
	0.93231E+04	0.89130E+00
	0.93266E+04	0.70380E+00
	0.93301E+04	0.86450E+00
	0.93336E+04	0.96300E+00
	0.93371E+04	0.68130E+00
	0.93406E+04	0.75240E+00
	0.93440E+04	0.72620E+00
	0.93475E+04	0.51170E+00
	0.93510E+04	0.97000E+00
	0.93545E+04	0.80420E+00
	0.93580E+04	0.73080E+00
	0.93615E+04	0.62550E+00
	0.93650E+04	0.94010E+00
	0.93686E+04	0.72970E+00
	0.93721E+04	0.72010E+00
	0.93756E+04	0.80430E+00
	0.93791E+04	0.78920E+00
	0.93826E+04	0.73520E+00
	0.93861E+04	0.96060E+00
	0.93897E+04	0.80280E+00
	0.93932E+04	0.98870E+00
	0.93967E+04	0.99140E+00
	0.94003E+04	0.89040E+00
	0.94038E+04	0.92390E+00
	0.94073E+04	0.99050E+00
	0.94109E+04	0.96830E+00
	0.94144E+04	0.84990E+00
	0.94180E+04	0.98210E+00
	0.94215E+04	0.87130E+00
	0.94251E+04	0.89600E+00
	0.94286E+04	0.74430E+00
	0.94322E+04	0.66440E+00
	0.94357E+04	0.98550E+00
	0.94393E+04	0.79870E+00
	0.94429E+04	0.66080E+00
	0.94464E+04	0.80640E+00
	0.94500E+04	0.93100E+00
	0.94536E+04	0.94970E+00
	0.94572E+04	0.73580E+00
	0.94607E+04	0.88040E+00
	0.94643E+04	0.72800E+00
	0.94679E+04	0.94670E+00
	0.94715E+04	0.82910E+00
	0.94751E+04	0.97620E+00
	0.94787E+04	0.89640E+00
	0.94823E+04	0.79240E+00
	0.94859E+04	0.81950E+00
	0.94895E+04	0.95140E+00
	0.94931E+04	0.99120E+00
	0.94967E+04	0.72070E+00
	0.95003E+04	0.85180E+00
	0.95039E+04	0.65500E+00
	0.95075E+04	0.98750E+00
	0.95111E+04	0.98180E+00
	0.95147E+04	0.98360E+00
	0.95184E+04	0.83610E+00
	0.95220E+04	0.86650E+00
	0.95256E+04	0.78260E+00
	0.95293E+04	0.87000E+00
	0.95329E+04	0.89670E+00
	0.95365E+04	0.99140E+00
	0.95402E+04	0.95130E+00
	0.95438E+04	0.92900E+00
	0.95475E+04	0.73160E+00
	0.95511E+04	0.95460E+00
	0.95547E+04	0.88280E+00
	0.95584E+04	0.86510E+00
	0.95621E+04	0.96410E+00
	0.95657E+04	0.88560E+00
	0.95694E+04	0.82170E+00
	0.95730E+04	0.91780E+00
	0.95767E+04	0.99440E+00
	0.95804E+04	0.98800E+00
	0.95841E+04	0.80530E+00
	0.95877E+04	0.99050E+00
	0.95914E+04	0.88620E+00
	0.95951E+04	0.90600E+00
	0.95988E+04	0.95670E+00
	0.96025E+04	0.95100E+00
	0.96061E+04	0.90760E+00
	0.96098E+04	0.93870E+00
	0.96135E+04	0.90210E+00
	0.96172E+04	0.93190E+00
	0.96209E+04	0.93920E+00
	0.96246E+04	0.89220E+00
	0.96283E+04	0.91470E+00
	0.96321E+04	0.98440E+00
	0.96358E+04	0.99480E+00
	0.96395E+04	0.87760E+00
	0.96432E+04	0.96770E+00
	0.96469E+04	0.92620E+00
	0.96506E+04	0.95500E+00
	0.96544E+04	0.97610E+00
	0.96581E+04	0.97680E+00
	0.96618E+04	0.95330E+00
	0.96656E+04	0.90670E+00
	0.96693E+04	0.97600E+00
	0.96731E+04	0.94450E+00
	0.96768E+04	0.99850E+00
	0.96805E+04	0.99760E+00
	0.96843E+04	0.93630E+00
	0.96880E+04	0.99890E+00
	0.96918E+04	0.99630E+00
	0.96956E+04	0.98780E+00
	0.96993E+04	0.99210E+00
	0.97031E+04	0.95570E+00
	0.97069E+04	0.99830E+00
	0.97106E+04	0.98730E+00
	0.97144E+04	0.99830E+00
	0.97182E+04	0.95420E+00
	0.97220E+04	0.99790E+00
	0.97257E+04	0.96000E+00
	0.97295E+04	0.99860E+00
	0.97333E+04	0.98740E+00
	0.97371E+04	0.96320E+00
	0.97409E+04	0.96710E+00
	0.97447E+04	0.94220E+00
	0.97485E+04	0.99490E+00
	0.97523E+04	0.95170E+00
	0.97561E+04	0.97030E+00
	0.97599E+04	0.94820E+00
	0.97637E+04	0.97320E+00
	0.97675E+04	0.97790E+00
	0.97714E+04	0.10000E+01
	0.97752E+04	0.98490E+00
	0.97790E+04	0.98790E+00
	0.97828E+04	0.98320E+00
	0.97867E+04	0.96400E+00
	0.97905E+04	0.99200E+00
	0.97943E+04	0.95580E+00
	0.97982E+04	0.99480E+00
	0.98020E+04	0.98670E+00
	0.98058E+04	0.99100E+00
	0.98097E+04	0.99930E+00
	0.98135E+04	0.99840E+00
	0.98174E+04	0.99270E+00
	0.98213E+04	0.99560E+00
	0.98251E+04	0.97370E+00
	0.98290E+04	0.97830E+00
	0.98328E+04	0.99330E+00
	0.98367E+04	0.99810E+00
	0.98406E+04	0.99990E+00
	0.98445E+04	0.99510E+00
	0.98483E+04	0.99710E+00
	0.98522E+04	0.99010E+00
	0.98561E+04	0.99970E+00
	0.98600E+04	0.99930E+00
	0.98639E+04	0.99990E+00
	0.98678E+04	0.99910E+00
	0.98717E+04	0.99890E+00
	0.98756E+04	0.99620E+00
	0.98795E+04	0.99950E+00
	0.98834E+04	0.10000E+01
	0.98873E+04	0.99960E+00
	0.98912E+04	0.99920E+00
	0.98951E+04	0.10000E+01
	0.98990E+04	0.99950E+00
	0.99030E+04	0.99780E+00
	0.99069E+04	0.10000E+01
	0.99108E+04	0.10000E+01
	0.99147E+04	0.99990E+00
	0.99187E+04	0.10000E+01
	0.99226E+04	0.99960E+00
	0.99265E+04	0.10000E+01
	0.99305E+04	0.99850E+00
	0.99344E+04	0.10000E+01
	0.99384E+04	0.10000E+01
	0.99423E+04	0.99950E+00
	0.99463E+04	0.10000E+01
	0.99502E+04	0.10000E+01
	0.99542E+04	0.10000E+01
	0.99582E+04	0.99990E+00
	0.99621E+04	0.10000E+01
	0.99661E+04	0.10000E+01
	0.99701E+04	0.99970E+00
	0.99741E+04	0.10000E+01
	0.99780E+04	0.99900E+00
	0.99820E+04	0.10000E+01
	0.99860E+04	0.99930E+00
	0.99900E+04	0.10000E+01
	0.99940E+04	0.99880E+00
	0.99980E+04	0.10000E+01
	0.10002E+05	0.99960E+00
	0.10006E+05	0.10000E+01
	0.10010E+05	0.10000E+01
	0.10014E+05	0.99930E+00
	0.10018E+05	0.99760E+00
	0.10022E+05	0.99950E+00
	0.10026E+05	0.99810E+00
	0.10030E+05	0.99980E+00
	0.10034E+05	0.10000E+01
	0.10038E+05	0.99820E+00
	0.10042E+05	0.99950E+00
	0.10046E+05	0.99880E+00
	0.10050E+05	0.10000E+01
	0.10054E+05	0.99830E+00
	0.10058E+05	0.99990E+00
	0.10062E+05	0.99940E+00
	0.10066E+05	0.99940E+00
	0.10070E+05	0.99940E+00
	0.10075E+05	0.99990E+00
	0.10079E+05	0.99780E+00
	0.10083E+05	0.99960E+00
	0.10087E+05	0.99990E+00
	0.10091E+05	0.99750E+00
	0.10095E+05	0.99650E+00
	0.10099E+05	0.99850E+00
	0.10103E+05	0.99920E+00
	0.10107E+05	0.99950E+00
	0.10111E+05	0.10000E+01
	0.10115E+05	0.10000E+01
	0.10119E+05	0.99970E+00
	0.10124E+05	0.99790E+00
	0.10128E+05	0.10000E+01
	0.10132E+05	0.99930E+00
	0.10136E+05	0.10000E+01
	0.10140E+05	0.10000E+01
	0.10144E+05	0.99910E+00
	0.10148E+05	0.99980E+00
	0.10152E+05	0.10000E+01
	0.10156E+05	0.99850E+00
	0.10161E+05	0.10000E+01
	0.10165E+05	0.10000E+01
	0.10169E+05	0.99980E+00
	0.10173E+05	0.99940E+00
	0.10177E+05	0.99990E+00
	0.10181E+05	0.10000E+01
	0.10185E+05	0.99980E+00
	0.10190E+05	0.10000E+01
	0.10194E+05	0.99700E+00
	0.10198E+05	0.10000E+01
	0.10202E+05	0.99970E+00
	0.10206E+05	0.10000E+01
	0.10210E+05	0.10000E+01
	0.10215E+05	0.10000E+01
	0.10219E+05	0.99900E+00
	0.10223E+05	0.10000E+01
	0.10227E+05	0.10000E+01
	0.10231E+05	0.99880E+00
	0.10235E+05	0.99960E+00
	0.10240E+05	0.99670E+00
	0.10244E+05	0.10000E+01
	0.10248E+05	0.10000E+01
	0.10252E+05	0.99970E+00
	0.10256E+05	0.99960E+00
	0.10261E+05	0.10000E+01
	0.10265E+05	0.99970E+00
	0.10269E+05	0.10000E+01
	0.10273E+05	0.99940E+00
	0.10277E+05	0.99900E+00
	0.10282E+05	0.10000E+01
	0.10286E+05	0.99940E+00
	0.10290E+05	0.10000E+01
	0.10294E+05	0.99980E+00
	0.10299E+05	0.10000E+01
	0.10303E+05	0.10000E+01
	0.10307E+05	0.10000E+01
	0.10311E+05	0.10000E+01
	0.10316E+05	0.99970E+00
	0.10320E+05	0.10000E+01
	0.10324E+05	0.10000E+01
	0.10328E+05	0.10000E+01
	0.10333E+05	0.99990E+00
	0.10337E+05	0.10000E+01
	0.10341E+05	0.10000E+01
	0.10346E+05	0.10000E+01
	0.10350E+05	0.10000E+01
	0.10354E+05	0.10000E+01
	0.10358E+05	0.10000E+01
	0.10363E+05	0.10000E+01
	0.10367E+05	0.10000E+01
	0.10371E+05	0.10000E+01
	0.10376E+05	0.10000E+01
	0.10380E+05	0.10000E+01
	0.10384E+05	0.10000E+01
	0.10389E+05	0.10000E+01
	0.10393E+05	0.10000E+01
	0.10397E+05	0.10000E+01
	0.10401E+05	0.10000E+01
	0.10406E+05	0.10000E+01
	0.10410E+05	0.10000E+01
	0.10414E+05	0.10000E+01
	0.10419E+05	0.10000E+01
	0.10423E+05	0.10000E+01
	0.10428E+05	0.10000E+01
	0.10432E+05	0.10000E+01
	0.10436E+05	0.10000E+01
	0.10441E+05	0.10000E+01
	0.10445E+05	0.10000E+01
	0.10449E+05	0.10000E+01
	0.10454E+05	0.10000E+01
	0.10458E+05	0.10000E+01
	0.10462E+05	0.10000E+01
	0.10467E+05	0.10000E+01
	0.10471E+05	0.10000E+01
	0.10476E+05	0.10000E+01
	0.10480E+05	0.10000E+01
	0.10484E+05	0.10000E+01
	0.10489E+05	0.10000E+01
	0.10493E+05	0.10000E+01
	0.10498E+05	0.10000E+01
	0.10502E+05	0.10000E+01
	0.10506E+05	0.10000E+01
	0.10511E+05	0.10000E+01
	0.10515E+05	0.10000E+01
	0.10520E+05	0.10000E+01
	0.10524E+05	0.10000E+01
	0.10529E+05	0.10000E+01
	0.10533E+05	0.10000E+01
	0.10537E+05	0.10000E+01
	0.10542E+05	0.10000E+01
	0.10546E+05	0.10000E+01
	0.10551E+05	0.10000E+01
	0.10555E+05	0.10000E+01
	0.10560E+05	0.10000E+01
	0.10564E+05	0.10000E+01
	0.10569E+05	0.10000E+01
	0.10573E+05	0.10000E+01
	0.10578E+05	0.10000E+01
	0.10582E+05	0.99970E+00
	0.10586E+05	0.99800E+00
	0.10591E+05	0.99970E+00
	0.10595E+05	0.10000E+01
	0.10600E+05	0.10000E+01
	0.10604E+05	0.10000E+01
	0.10609E+05	0.10000E+01
	0.10613E+05	0.10000E+01
	0.10618E+05	0.10000E+01
	0.10622E+05	0.99960E+00
	0.10627E+05	0.99950E+00
	0.10632E+05	0.10000E+01
	0.10636E+05	0.99990E+00
	0.10641E+05	0.10000E+01
	0.10645E+05	0.99980E+00
	0.10650E+05	0.99940E+00
	0.10654E+05	0.99970E+00
	0.10659E+05	0.99980E+00
	0.10663E+05	0.99990E+00
	0.10668E+05	0.10000E+01
	0.10672E+05	0.99940E+00
	0.10677E+05	0.99970E+00
	0.10681E+05	0.99930E+00
	0.10686E+05	0.99940E+00
	0.10691E+05	0.99960E+00
	0.10695E+05	0.99840E+00
	0.10700E+05	0.99950E+00
	0.10704E+05	0.99990E+00
	0.10709E+05	0.99920E+00
	0.10714E+05	0.99960E+00
	0.10718E+05	0.99800E+00
	0.10723E+05	0.99900E+00
	0.10727E+05	0.99700E+00
	0.10732E+05	0.99820E+00
	0.10737E+05	0.10000E+01
	0.10741E+05	0.99950E+00
	0.10746E+05	0.98980E+00
	0.10750E+05	0.99890E+00
	0.10755E+05	0.99990E+00
	0.10760E+05	0.99960E+00
	0.10764E+05	0.10000E+01
	0.10769E+05	0.99990E+00
	0.10774E+05	0.98150E+00
	0.10778E+05	0.99890E+00
	0.10783E+05	0.99870E+00
	0.10787E+05	0.99880E+00
	0.10792E+05	0.10000E+01
	0.10797E+05	0.99750E+00
	0.10801E+05	0.98060E+00
	0.10806E+05	0.99670E+00
	0.10811E+05	0.99850E+00
	0.10815E+05	0.98990E+00
	0.10820E+05	0.99630E+00
	0.10825E+05	0.99980E+00
	0.10830E+05	0.10000E+01
	0.10834E+05	0.98100E+00
	0.10839E+05	0.99130E+00
	0.10844E+05	0.99760E+00
	0.10848E+05	0.99300E+00
	0.10853E+05	0.99760E+00
	0.10858E+05	0.99670E+00
	0.10862E+05	0.94210E+00
	0.10867E+05	0.99840E+00
	0.10872E+05	0.99700E+00
	0.10877E+05	0.99780E+00
	0.10881E+05	0.99950E+00
	0.10886E+05	0.99490E+00
	0.10891E+05	0.99040E+00
	0.10896E+05	0.98300E+00
	0.10900E+05	0.99350E+00
	0.10905E+05	0.96700E+00
	0.10910E+05	0.99860E+00
	0.10915E+05	0.99950E+00
	0.10919E+05	0.99810E+00
	0.10924E+05	0.95540E+00
	0.10929E+05	0.97350E+00
	0.10934E+05	0.99230E+00
	0.10939E+05	0.99320E+00
	0.10943E+05	0.98790E+00
	0.10948E+05	0.95810E+00
	0.10953E+05	0.99800E+00
	0.10958E+05	0.96320E+00
	0.10963E+05	0.99590E+00
	0.10967E+05	0.98720E+00
	0.10972E+05	0.99770E+00
	0.10977E+05	0.95820E+00
	0.10982E+05	0.97570E+00
	0.10987E+05	0.96440E+00
	0.10991E+05	0.98210E+00
	0.10996E+05	0.92230E+00
	0.11001E+05	0.97000E+00
	0.11006E+05	0.97140E+00
	0.11011E+05	0.94170E+00
	0.11016E+05	0.99870E+00
	0.11020E+05	0.92490E+00
	0.11025E+05	0.95390E+00
	0.11030E+05	0.96810E+00
	0.11035E+05	0.98440E+00
	0.11040E+05	0.97180E+00
	0.11045E+05	0.91770E+00
	0.11050E+05	0.98080E+00
	0.11055E+05	0.96500E+00
	0.11060E+05	0.95500E+00
	0.11064E+05	0.91530E+00
	0.11069E+05	0.95660E+00
	0.11074E+05	0.98320E+00
	0.11079E+05	0.95090E+00
	0.11084E+05	0.93340E+00
	0.11089E+05	0.94090E+00
	0.11094E+05	0.97330E+00
	0.11099E+05	0.97560E+00
	0.11104E+05	0.92310E+00
	0.11109E+05	0.93510E+00
	0.11114E+05	0.86590E+00
	0.11119E+05	0.98700E+00
	0.11123E+05	0.97130E+00
	0.11128E+05	0.90720E+00
	0.11133E+05	0.80620E+00
	0.11138E+05	0.83990E+00
	0.11143E+05	0.97280E+00
	0.11148E+05	0.98390E+00
	0.11153E+05	0.75330E+00
	0.11158E+05	0.93690E+00
	0.11163E+05	0.68500E+00
	0.11168E+05	0.89000E+00
	0.11173E+05	0.68100E+00
	0.11178E+05	0.95100E+00
	0.11183E+05	0.74350E+00
	0.11188E+05	0.75210E+00
	0.11193E+05	0.57430E+00
	0.11198E+05	0.81710E+00
	0.11203E+05	0.66280E+00
	0.11208E+05	0.92000E+00
	0.11213E+05	0.71320E+00
	0.11218E+05	0.64700E+00
	0.11223E+05	0.53880E+00
	0.11228E+05	0.58300E+00
	0.11233E+05	0.91270E+00
	0.11238E+05	0.45410E+00
	0.11244E+05	0.84630E+00
	0.11249E+05	0.94030E+00
	0.11254E+05	0.45560E+00
	0.11259E+05	0.66100E+00
	0.11264E+05	0.66580E+00
	0.11269E+05	0.90670E+00
	0.11274E+05	0.70760E+00
	0.11279E+05	0.60890E+00
	0.11284E+05	0.67920E+00
	0.11289E+05	0.93480E+00
	0.11294E+05	0.78450E+00
	0.11299E+05	0.55230E+00
	0.11305E+05	0.85550E+00
	0.11310E+05	0.93990E+00
	0.11315E+05	0.90240E+00
	0.11320E+05	0.93480E+00
	0.11325E+05	0.81330E+00
	0.11330E+05	0.83880E+00
	0.11335E+05	0.62100E+00
	0.11340E+05	0.68360E+00
	0.11346E+05	0.35790E+00
	0.11351E+05	0.31490E+00
	0.11356E+05	0.92550E+00
	0.11361E+05	0.56790E+00
	0.11366E+05	0.94290E+00
	0.11371E+05	0.97490E+00
	0.11377E+05	0.78950E+00
	0.11382E+05	0.95440E+00
	0.11387E+05	0.72940E+00
	0.11392E+05	0.99080E+00
	0.11397E+05	0.84490E+00
	0.11403E+05	0.96630E+00
	0.11408E+05	0.72870E+00
	0.11413E+05	0.83690E+00
	0.11418E+05	0.92100E+00
	0.11423E+05	0.83330E+00
	0.11429E+05	0.86490E+00
	0.11434E+05	0.98290E+00
	0.11439E+05	0.75500E+00
	0.11444E+05	0.64760E+00
	0.11450E+05	0.76840E+00
	0.11455E+05	0.70860E+00
	0.11460E+05	0.97280E+00
	0.11465E+05	0.62290E+00
	0.11471E+05	0.75480E+00
	0.11476E+05	0.64910E+00
	0.11481E+05	0.98140E+00
	0.11486E+05	0.80310E+00
	0.11492E+05	0.92890E+00
	0.11497E+05	0.62880E+00
	0.11502E+05	0.88100E+00
	0.11507E+05	0.86000E+00
	0.11513E+05	0.84790E+00
	0.11518E+05	0.83550E+00
	0.11523E+05	0.89490E+00
	0.11529E+05	0.75760E+00
	0.11534E+05	0.96620E+00
	0.11539E+05	0.79950E+00
	0.11545E+05	0.85730E+00
	0.11550E+05	0.90910E+00
	0.11555E+05	0.69680E+00
	0.11561E+05	0.95150E+00
	0.11566E+05	0.91750E+00
	0.11571E+05	0.95000E+00
	0.11577E+05	0.85070E+00
	0.11582E+05	0.98240E+00
	0.11587E+05	0.90520E+00
	0.11593E+05	0.97170E+00
	0.11598E+05	0.94060E+00
	0.11604E+05	0.89340E+00
	0.11609E+05	0.99010E+00
	0.11614E+05	0.94910E+00
	0.11620E+05	0.98830E+00
	0.11625E+05	0.93170E+00
	0.11631E+05	0.99900E+00
	0.11636E+05	0.95210E+00
	0.11641E+05	0.99520E+00
	0.11647E+05	0.99110E+00
	0.11652E+05	0.97560E+00
	0.11658E+05	0.95640E+00
	0.11663E+05	0.99440E+00
	0.11669E+05	0.96850E+00
	0.11674E+05	0.99870E+00
	0.11680E+05	0.98430E+00
	0.11685E+05	0.98230E+00
	0.11690E+05	0.98470E+00
	0.11696E+05	0.98360E+00
	0.11701E+05	0.98000E+00
	0.11707E+05	0.99050E+00
	0.11712E+05	0.98150E+00
	0.11718E+05	0.99380E+00
	0.11723E+05	0.98130E+00
	0.11729E+05	0.98700E+00
	0.11734E+05	0.98620E+00
	0.11740E+05	0.95400E+00
	0.11745E+05	0.98890E+00
	0.11751E+05	0.99020E+00
	0.11756E+05	0.97910E+00
	0.11762E+05	0.10000E+01
	0.11767E+05	0.99650E+00
	0.11773E+05	0.98790E+00
	0.11779E+05	0.94110E+00
	0.11784E+05	0.97920E+00
	0.11790E+05	0.99790E+00
	0.11795E+05	0.96680E+00
	0.11801E+05	0.99010E+00
	0.11806E+05	0.99570E+00
	0.11812E+05	0.98530E+00
	0.11818E+05	0.94180E+00
	0.11823E+05	0.95470E+00
	0.11829E+05	0.98980E+00
	0.11834E+05	0.99630E+00
	0.11840E+05	0.99210E+00
	0.11846E+05	0.94820E+00
	0.11851E+05	0.96840E+00
	0.11857E+05	0.99750E+00
	0.11862E+05	0.99270E+00
	0.11868E+05	0.98850E+00
	0.11874E+05	0.98880E+00
	0.11879E+05	0.93290E+00
	0.11885E+05	0.97160E+00
	0.11891E+05	0.98350E+00
	0.11896E+05	0.99520E+00
	0.11902E+05	0.98700E+00
	0.11908E+05	0.98770E+00
	0.11913E+05	0.99110E+00
	0.11919E+05	0.98600E+00
	0.11925E+05	0.99870E+00
	0.11930E+05	0.99700E+00
	0.11936E+05	0.96940E+00
	0.11942E+05	0.99510E+00
	0.11947E+05	0.99510E+00
	0.11953E+05	0.98160E+00
	0.11959E+05	0.98960E+00
	0.11965E+05	0.99130E+00
	0.11970E+05	0.99400E+00
	0.11976E+05	0.97390E+00
	0.11982E+05	0.99960E+00
	0.11988E+05	0.96350E+00
	0.11993E+05	0.98550E+00
	0.11999E+05	0.98890E+00
	0.12005E+05	0.99130E+00
	0.12011E+05	0.98410E+00
	0.12016E+05	0.97320E+00
	0.12022E+05	0.99870E+00
	0.12028E+05	0.99430E+00
	0.12034E+05	0.98730E+00
	0.12039E+05	0.92300E+00
	0.12045E+05	0.98650E+00
	0.12051E+05	0.96790E+00
	0.12057E+05	0.99740E+00
	0.12063E+05	0.98760E+00
	0.12069E+05	0.98790E+00
	0.12074E+05	0.99270E+00
	0.12080E+05	0.98220E+00
	0.12086E+05	0.99370E+00
	0.12092E+05	0.97860E+00
	0.12098E+05	0.98450E+00
	0.12104E+05	0.99090E+00
	0.12109E+05	0.99710E+00
	0.12115E+05	0.97650E+00
	0.12121E+05	0.98530E+00
	0.12127E+05	0.99510E+00
	0.12133E+05	0.99950E+00
	0.12139E+05	0.99050E+00
	0.12145E+05	0.99410E+00
	0.12151E+05	0.98830E+00
	0.12157E+05	0.99470E+00
	0.12162E+05	0.99570E+00
	0.12168E+05	0.99180E+00
	0.12174E+05	0.99980E+00
	0.12180E+05	0.99280E+00
	0.12186E+05	0.98950E+00
	0.12192E+05	0.98660E+00
	0.12198E+05	0.99340E+00
	0.12204E+05	0.99420E+00
	0.12210E+05	0.99860E+00
	0.12216E+05	0.98720E+00
	0.12222E+05	0.99480E+00
	0.12228E+05	0.99310E+00
	0.12234E+05	0.99260E+00
	0.12240E+05	0.99280E+00
	0.12246E+05	0.99660E+00
	0.12252E+05	0.99630E+00
	0.12258E+05	0.99820E+00
	0.12264E+05	0.99900E+00
	0.12270E+05	0.99400E+00
	0.12276E+05	0.99820E+00
	0.12282E+05	0.99940E+00
	0.12288E+05	0.99900E+00
	0.12294E+05	0.99850E+00
	0.12300E+05	0.99930E+00
	0.12306E+05	0.10000E+01
	0.12312E+05	0.99970E+00
	0.12318E+05	0.99980E+00
	0.12324E+05	0.99960E+00
	0.12330E+05	0.99920E+00
	0.12337E+05	0.99930E+00
	0.12343E+05	0.10000E+01
	0.12349E+05	0.10000E+01
	0.12355E+05	0.10000E+01
	0.12361E+05	0.10000E+01
	0.12367E+05	0.99970E+00
	0.12373E+05	0.10000E+01
	0.12379E+05	0.10000E+01
	0.12385E+05	0.10000E+01
	0.12392E+05	0.10000E+01
	0.12398E+05	0.10000E+01
	0.12404E+05	0.99990E+00
	0.12410E+05	0.10000E+01
	0.12416E+05	0.10000E+01
	0.12422E+05	0.10000E+01
	0.12429E+05	0.10000E+01
	0.12435E+05	0.10000E+01
	0.12441E+05	0.10000E+01
	0.12447E+05	0.10000E+01
	0.12453E+05	0.99990E+00
	0.12460E+05	0.10000E+01
	0.12466E+05	0.99970E+00
	0.12472E+05	0.10000E+01
	0.12478E+05	0.99980E+00
	0.12484E+05	0.99920E+00
	0.12491E+05	0.10000E+01
	0.12497E+05	0.99850E+00
	0.12503E+05	0.10000E+01
	0.12509E+05	0.99720E+00
	0.12516E+05	0.10000E+01
	0.12522E+05	0.10000E+01
	0.12528E+05	0.99510E+00
	0.12534E+05	0.10000E+01
	0.12541E+05	0.99220E+00
	0.12547E+05	0.10000E+01
	0.12553E+05	0.99960E+00
	0.12560E+05	0.98900E+00
	0.12566E+05	0.10000E+01
	0.12572E+05	0.98560E+00
	0.12579E+05	0.99950E+00
	0.12585E+05	0.99920E+00
	0.12591E+05	0.98040E+00
	0.12598E+05	0.99610E+00
	0.12604E+05	0.99230E+00
	0.12610E+05	0.96790E+00
	0.12617E+05	0.97970E+00
	0.12623E+05	0.95120E+00
	0.12629E+05	0.97950E+00
	0.12636E+05	0.95750E+00
	0.12642E+05	0.92900E+00
	0.12649E+05	0.96430E+00
	0.12655E+05	0.95670E+00
	0.12661E+05	0.94990E+00
	0.12668E+05	0.95040E+00
	0.12674E+05	0.96620E+00
	0.12681E+05	0.97620E+00
	0.12687E+05	0.78390E+00
	0.12694E+05	0.89240E+00
	0.12700E+05	0.97290E+00
	0.12706E+05	0.98020E+00
	0.12713E+05	0.98650E+00
	0.12719E+05	0.96770E+00
	0.12726E+05	0.97820E+00
	0.12732E+05	0.98500E+00
	0.12739E+05	0.96910E+00
	0.12745E+05	0.99340E+00
	0.12752E+05	0.97610E+00
	0.12758E+05	0.98990E+00
	0.12765E+05	0.98450E+00
	0.12771E+05	0.98310E+00
	0.12778E+05	0.99980E+00
	0.12784E+05	0.98580E+00
	0.12791E+05	0.99710E+00
	0.12798E+05	0.99380E+00
	0.12804E+05	0.99350E+00
	0.12811E+05	0.99530E+00
	0.12817E+05	0.99940E+00
	0.12824E+05	0.99550E+00
	0.12830E+05	0.99880E+00
	0.12837E+05	0.99940E+00
	0.12844E+05	0.99340E+00
	0.12850E+05	0.99990E+00
	0.12857E+05	0.99950E+00
	0.12863E+05	0.99940E+00
	0.12870E+05	0.99790E+00
	0.12877E+05	0.10000E+01
	0.12883E+05	0.99600E+00
	0.12890E+05	0.98630E+00
	0.12897E+05	0.99740E+00
	0.12903E+05	0.99460E+00
	0.12910E+05	0.99920E+00
	0.12917E+05	0.98590E+00
	0.12923E+05	0.99780E+00
	0.12930E+05	0.99760E+00
	0.12937E+05	0.99860E+00
	0.12943E+05	0.99740E+00
	0.12950E+05	0.99830E+00
	0.12957E+05	0.98760E+00
	0.12963E+05	0.99670E+00
	0.12970E+05	0.97360E+00
	0.12977E+05	0.98450E+00
	0.12984E+05	0.99550E+00
	0.12990E+05	0.99990E+00
	0.12997E+05	0.97380E+00
	0.13004E+05	0.97400E+00
	0.13011E+05	0.97920E+00
	0.13017E+05	0.10000E+01
	0.13024E+05	0.99530E+00
	0.13031E+05	0.98690E+00
	0.13038E+05	0.95320E+00
	0.13045E+05	0.93380E+00
	0.13051E+05	0.99950E+00
	0.13058E+05	0.98330E+00
	0.13065E+05	0.92900E+00
	0.13072E+05	0.98440E+00
	0.13079E+05	0.93090E+00
	0.13086E+05	0.99800E+00
	0.13092E+05	0.98680E+00
	0.13099E+05	0.90770E+00
	0.13106E+05	0.92500E+00
	0.13113E+05	0.99500E+00
	0.13120E+05	0.97210E+00
	0.13127E+05	0.97330E+00
	0.13134E+05	0.89890E+00
	0.13141E+05	0.94520E+00
	0.13148E+05	0.93740E+00
	0.13154E+05	0.94050E+00
	0.13161E+05	0.99100E+00
	0.13168E+05	0.91270E+00
	0.13175E+05	0.99410E+00
	0.13182E+05	0.94890E+00
	0.13189E+05	0.95060E+00
	0.13196E+05	0.94570E+00
	0.13203E+05	0.81490E+00
	0.13210E+05	0.97310E+00
	0.13217E+05	0.90190E+00
	0.13224E+05	0.94490E+00
	0.13231E+05	0.86670E+00
	0.13238E+05	0.94620E+00
	0.13245E+05	0.96270E+00
	0.13252E+05	0.95260E+00
	0.13259E+05	0.96530E+00
	0.13266E+05	0.93050E+00
	0.13273E+05	0.87510E+00
	0.13280E+05	0.85600E+00
	0.13287E+05	0.84030E+00
	0.13294E+05	0.88920E+00
	0.13301E+05	0.88950E+00
	0.13308E+05	0.84830E+00
	0.13316E+05	0.74800E+00
	0.13323E+05	0.74850E+00
	0.13330E+05	0.90150E+00
	0.13337E+05	0.74590E+00
	0.13344E+05	0.92250E+00
	0.13351E+05	0.84270E+00
	0.13358E+05	0.81070E+00
	0.13365E+05	0.97710E+00
	0.13373E+05	0.71560E+00
	0.13380E+05	0.82460E+00
	0.13387E+05	0.93950E+00
	0.13394E+05	0.92220E+00
	0.13401E+05	0.78760E+00
	0.13408E+05	0.87960E+00
	0.13416E+05	0.85580E+00
	0.13423E+05	0.97750E+00
	0.13430E+05	0.88880E+00
	0.13437E+05	0.85730E+00
	0.13444E+05	0.64410E+00
	0.13452E+05	0.86400E+00
	0.13459E+05	0.86280E+00
	0.13466E+05	0.73130E+00
	0.13473E+05	0.69290E+00
	0.13481E+05	0.36950E+00
	0.13488E+05	0.57030E+00
	0.13495E+05	0.86960E+00
	0.13503E+05	0.41130E+00
	0.13510E+05	0.52250E+00
	0.13517E+05	0.36500E+00
	0.13524E+05	0.57510E+00
	0.13532E+05	0.29660E+00
	0.13539E+05	0.41380E+00
	0.13546E+05	0.13660E+00
	0.13554E+05	0.28000E+00
	0.13561E+05	0.39630E+00
	0.13569E+05	0.38070E+00
	0.13576E+05	0.20760E+00
	0.13583E+05	0.24010E+00
	0.13591E+05	0.23630E+00
	0.13598E+05	0.14850E+00
	0.13605E+05	0.12860E+00
	0.13613E+05	0.55500E-01
	0.13620E+05	0.45000E-02
	0.13628E+05	0.85500E-01
	0.13635E+05	0.44870E+00
	0.13643E+05	0.74100E-01
	0.13650E+05	0.44700E-01
	0.13657E+05	0.26940E+00
	0.13665E+05	0.38550E+00
	0.13672E+05	0.11430E+00
	0.13680E+05	0.39800E-01
	0.13687E+05	0.10980E+00
	0.13695E+05	0.38050E+00
	0.13702E+05	0.20360E+00
	0.13710E+05	0.46400E-01
	0.13717E+05	0.21080E+00
	0.13725E+05	0.40180E+00
	0.13732E+05	0.37320E+00
	0.13740E+05	0.72610E+00
	0.13748E+05	0.24280E+00
	0.13755E+05	0.61910E+00
	0.13763E+05	0.51110E+00
	0.13770E+05	0.23060E+00
	0.13778E+05	0.73650E+00
	0.13785E+05	0.17390E+00
	0.13793E+05	0.41740E+00
	0.13801E+05	0.27740E+00
	0.13808E+05	0.25000E-02
	0.13816E+05	0.33020E+00
	0.13824E+05	0.75600E-01
	0.13831E+05	0.77500E-01
	0.13839E+05	0.12960E+00
	0.13847E+05	0.27670E+00
	0.13854E+05	0.20960E+00
	0.13862E+05	0.22050E+00
	0.13870E+05	0.49840E+00
	0.13877E+05	0.20700E+00
	0.13885E+05	0.27010E+00
	0.13893E+05	0.65160E+00
	0.13900E+05	0.40310E+00
	0.13908E+05	0.56760E+00
	0.13916E+05	0.60490E+00
	0.13924E+05	0.24200E-01
	0.13931E+05	0.46620E+00
	0.13939E+05	0.53860E+00
	0.13947E+05	0.18310E+00
	0.13955E+05	0.38600E-01
	0.13963E+05	0.95500E-01
	0.13970E+05	0.31340E+00
	0.13978E+05	0.76890E+00
	0.13986E+05	0.67560E+00
	0.13994E+05	0.25470E+00
	0.14002E+05	0.11520E+00
	0.14010E+05	0.11040E+00
	0.14017E+05	0.20310E+00
	0.14025E+05	0.77810E+00
	0.14033E+05	0.55480E+00
	0.14041E+05	0.34070E+00
	0.14049E+05	0.90900E-01
	0.14057E+05	0.51040E+00
	0.14065E+05	0.55130E+00
	0.14073E+05	0.37400E-01
	0.14081E+05	0.65460E+00
	0.14088E+05	0.35880E+00
	0.14096E+05	0.13560E+00
	0.14104E+05	0.57960E+00
	0.14112E+05	0.72870E+00
	0.14120E+05	0.50410E+00
	0.14128E+05	0.74080E+00
	0.14136E+05	0.46350E+00
	0.14144E+05	0.15260E+00
	0.14152E+05	0.45150E+00
	0.14160E+05	0.78120E+00
	0.14168E+05	0.66040E+00
	0.14176E+05	0.57180E+00
	0.14184E+05	0.66730E+00
	0.14192E+05	0.19200E+00
	0.14201E+05	0.63300E+00
	0.14209E+05	0.49880E+00
	0.14217E+05	0.75590E+00
	0.14225E+05	0.73050E+00
	0.14233E+05	0.50870E+00
	0.14241E+05	0.54670E+00
	0.14249E+05	0.72990E+00
	0.14257E+05	0.47190E+00
	0.14265E+05	0.79280E+00
	0.14273E+05	0.52930E+00
	0.14282E+05	0.58530E+00
	0.14290E+05	0.67770E+00
	0.14298E+05	0.68530E+00
	0.14306E+05	0.89870E+00
	0.14314E+05	0.38140E+00
	0.14323E+05	0.37360E+00
	0.14331E+05	0.65730E+00
	0.14339E+05	0.67600E+00
	0.14347E+05	0.57420E+00
	0.14355E+05	0.74800E+00
	0.14364E+05	0.57450E+00
	0.14372E+05	0.57410E+00
	0.14380E+05	0.43440E+00
	0.14388E+05	0.83160E+00
	0.14397E+05	0.55680E+00
	0.14405E+05	0.80670E+00
	0.14413E+05	0.53780E+00
	0.14422E+05	0.80480E+00
	0.14430E+05	0.56650E+00
	0.14438E+05	0.86620E+00
	0.14447E+05	0.82310E+00
	0.14455E+05	0.31000E+00
	0.14463E+05	0.76970E+00
	0.14472E+05	0.73930E+00
	0.14480E+05	0.81350E+00
	0.14489E+05	0.89710E+00
	0.14497E+05	0.79380E+00
	0.14505E+05	0.31540E+00
	0.14514E+05	0.69770E+00
	0.14522E+05	0.72560E+00
	0.14531E+05	0.76060E+00
	0.14539E+05	0.92720E+00
	0.14548E+05	0.84060E+00
	0.14556E+05	0.69100E+00
	0.14565E+05	0.94740E+00
	0.14573E+05	0.82680E+00
	0.14582E+05	0.86890E+00
	0.14590E+05	0.91520E+00
	0.14599E+05	0.86450E+00
	0.14607E+05	0.77740E+00
	0.14616E+05	0.79690E+00
	0.14624E+05	0.89000E+00
	0.14633E+05	0.59890E+00
	0.14641E+05	0.91770E+00
	0.14650E+05	0.66650E+00
	0.14658E+05	0.81540E+00
	0.14667E+05	0.55500E+00
	0.14676E+05	0.77220E+00
	0.14684E+05	0.94110E+00
	0.14693E+05	0.63230E+00
	0.14702E+05	0.77040E+00
	0.14710E+05	0.46320E+00
	0.14719E+05	0.77490E+00
	0.14728E+05	0.64730E+00
	0.14736E+05	0.71020E+00
	0.14745E+05	0.98150E+00
	0.14754E+05	0.88660E+00
	0.14762E+05	0.78750E+00
	0.14771E+05	0.74830E+00
	0.14780E+05	0.74030E+00
	0.14789E+05	0.92040E+00
	0.14797E+05	0.71590E+00
	0.14806E+05	0.64970E+00
	0.14815E+05	0.77080E+00
	0.14824E+05	0.84060E+00
	0.14832E+05	0.89890E+00
	0.14841E+05	0.80730E+00
	0.14850E+05	0.88930E+00
	0.14859E+05	0.86440E+00
	0.14868E+05	0.71680E+00
	0.14877E+05	0.81280E+00
	0.14885E+05	0.91100E+00
	0.14894E+05	0.84900E+00
	0.14903E+05	0.98090E+00
	0.14912E+05	0.86240E+00
	0.14921E+05	0.92930E+00
	0.14930E+05	0.93600E+00
	0.14939E+05	0.97070E+00
	0.14948E+05	0.90620E+00
	0.14957E+05	0.92110E+00
	0.14966E+05	0.91210E+00
	0.14975E+05	0.98150E+00
	0.14984E+05	0.93030E+00
	0.14993E+05	0.96190E+00
	0.15002E+05	0.98130E+00
	0.15011E+05	0.99160E+00
	0.15020E+05	0.96740E+00
	0.15029E+05	0.95080E+00
	0.15038E+05	0.90260E+00
	0.15047E+05	0.93730E+00
	0.15056E+05	0.98280E+00
	0.15065E+05	0.99930E+00
	0.15074E+05	0.98040E+00
	0.15083E+05	0.95220E+00
	0.15092E+05	0.94580E+00
	0.15101E+05	0.99000E+00
	0.15110E+05	0.99180E+00
	0.15119E+05	0.99060E+00
	0.15129E+05	0.98580E+00
	0.15138E+05	0.97450E+00
	0.15147E+05	0.98390E+00
	0.15156E+05	0.99840E+00
	0.15165E+05	0.98650E+00
	0.15175E+05	0.98740E+00
	0.15184E+05	0.99370E+00
	0.15193E+05	0.98450E+00
	0.15202E+05	0.99330E+00
	0.15211E+05	0.99980E+00
	0.15221E+05	0.99640E+00
	0.15230E+05	0.99790E+00
	0.15239E+05	0.99930E+00
	0.15249E+05	0.99420E+00
	0.15258E+05	0.99620E+00
	0.15267E+05	0.99670E+00
	0.15277E+05	0.99700E+00
	0.15286E+05	0.99840E+00
	0.15295E+05	0.99870E+00
	0.15305E+05	0.99820E+00
	0.15314E+05	0.99700E+00
	0.15323E+05	0.99720E+00
	0.15333E+05	0.99570E+00
	0.15342E+05	0.99310E+00
	0.15352E+05	0.99140E+00
	0.15361E+05	0.99310E+00
	0.15370E+05	0.99720E+00
	0.15380E+05	0.99890E+00
	0.15394E+05	0.99540E+00
	0.15413E+05	0.99450E+00
	0.15432E+05	0.99730E+00
	0.15451E+05	0.99900E+00
	0.15470E+05	0.10000E+01
	0.15489E+05	0.10000E+01
	0.15509E+05	0.99990E+00
	0.15528E+05	0.99990E+00
	0.15547E+05	0.10000E+01
	0.15567E+05	0.10000E+01
	0.15586E+05	0.10000E+01
	0.15605E+05	0.10000E+01
	0.15625E+05	0.10000E+01
	0.15645E+05	0.10000E+01
	0.15664E+05	0.10000E+01
	0.15684E+05	0.99560E+00
	0.15704E+05	0.97030E+00
	0.15723E+05	0.94490E+00
	0.15743E+05	0.96660E+00
	0.15763E+05	0.97850E+00
	0.15783E+05	0.95620E+00
	0.15803E+05	0.97290E+00
	0.15823E+05	0.98620E+00
	0.15843E+05	0.99530E+00
	0.15863E+05	0.99910E+00
	0.15883E+05	0.99990E+00
	0.15903E+05	0.10000E+01
	0.15924E+05	0.10000E+01
	0.15944E+05	0.10000E+01
	0.15964E+05	0.10000E+01
	0.15985E+05	0.99470E+00
	0.16005E+05	0.96830E+00
	0.16026E+05	0.93970E+00
	0.16046E+05	0.97210E+00
	0.16067E+05	0.97860E+00
	0.16088E+05	0.95600E+00
	0.16108E+05	0.97040E+00
	0.16129E+05	0.98490E+00
	0.16150E+05	0.99430E+00
	0.16171E+05	0.99760E+00
	0.16192E+05	0.99930E+00
	0.16213E+05	0.10000E+01
	0.16234E+05	0.10000E+01
	0.16255E+05	0.10000E+01
	0.16276E+05	0.10000E+01
	0.16297E+05	0.10000E+01
	0.16319E+05	0.10000E+01
	0.16340E+05	0.10000E+01
	0.16361E+05	0.10000E+01
	0.16383E+05	0.99700E+00
	0.16404E+05	0.99430E+00
	0.16426E+05	0.99030E+00
	0.16447E+05	0.99270E+00
	0.16469E+05	0.99670E+00
	0.16491E+05	0.99250E+00
	0.16513E+05	0.99260E+00
	0.16534E+05	0.99510E+00
	0.16556E+05	0.99840E+00
	0.16578E+05	0.10000E+01
	0.16600E+05	0.99920E+00
	0.16622E+05	0.99920E+00
	0.16644E+05	0.99550E+00
	0.16667E+05	0.98410E+00
	0.16689E+05	0.99970E+00
	0.16711E+05	0.99930E+00
	0.16734E+05	0.99800E+00
	0.16756E+05	0.99980E+00
	0.16779E+05	0.99700E+00
	0.16801E+05	0.99790E+00
	0.16824E+05	0.10000E+01
	0.16846E+05	0.99620E+00
	0.16869E+05	0.99770E+00
	0.16892E+05	0.99980E+00
	0.16915E+05	0.99490E+00
	0.16938E+05	0.99840E+00
	0.16961E+05	0.99760E+00
	0.16984E+05	0.99760E+00
	0.17007E+05	0.99680E+00
	0.17030E+05	0.99930E+00
	0.17053E+05	0.99910E+00
	0.17077E+05	0.99270E+00
	0.17100E+05	0.99720E+00
	0.17123E+05	0.99970E+00
	0.17147E+05	0.99110E+00
	0.17170E+05	0.99490E+00
	0.17194E+05	0.99970E+00
	0.17218E+05	0.98560E+00
	0.17241E+05	0.98250E+00
	0.17265E+05	0.99750E+00
	0.17289E+05	0.99400E+00
	0.17313E+05	0.97330E+00
	0.17337E+05	0.99920E+00
	0.17361E+05	0.97660E+00
	0.17385E+05	0.99870E+00
	0.17409E+05	0.96570E+00
	0.17434E+05	0.98410E+00
	0.17458E+05	0.96860E+00
	0.17483E+05	0.97030E+00
	0.17507E+05	0.97120E+00
	0.17532E+05	0.99790E+00
	0.17556E+05	0.95650E+00
	0.17581E+05	0.96840E+00
	0.17606E+05	0.98090E+00
	0.17630E+05	0.97100E+00
	0.17655E+05	0.90390E+00
	0.17680E+05	0.99080E+00
	0.17705E+05	0.96030E+00
	0.17731E+05	0.96720E+00
	0.17756E+05	0.93120E+00
	0.17781E+05	0.90420E+00
	0.17806E+05	0.91270E+00
	0.17832E+05	0.96590E+00
	0.17857E+05	0.82390E+00
	0.17883E+05	0.92450E+00
	0.17908E+05	0.89280E+00
	0.17934E+05	0.78090E+00
	0.17960E+05	0.80050E+00
	0.17986E+05	0.86500E+00
	0.18012E+05	0.52220E+00
	0.18038E+05	0.73460E+00
	0.18064E+05	0.57180E+00
	0.18090E+05	0.78870E+00
	0.18116E+05	0.37660E+00
	0.18142E+05	0.59550E+00
	0.18169E+05	0.53370E+00
	0.18195E+05	0.32830E+00
	0.18222E+05	0.31040E+00
	0.18248E+05	0.65850E+00
	0.18275E+05	0.28680E+00
	0.18302E+05	0.18720E+00
	0.18328E+05	0.38080E+00
	0.18355E+05	0.96700E-01
	0.18382E+05	0.16400E+00
	0.18409E+05	0.58900E-01
	0.18437E+05	0.38060E+00
	0.18464E+05	0.23430E+00
	0.18491E+05	0.13530E+00
	0.18519E+05	0.32500E+00
	0.18546E+05	0.20940E+00
	0.18574E+05	0.21790E+00
	0.18601E+05	0.11820E+00
	0.18629E+05	0.46140E+00
	0.18657E+05	0.41470E+00
	0.18685E+05	0.67000E-01
	0.18713E+05	0.52600E-01
	0.18741E+05	0.43900E-01
	0.18769E+05	0.12680E+00
	0.18797E+05	0.46490E+00
	0.18825E+05	0.46610E+00
	0.18854E+05	0.32920E+00
	0.18882E+05	0.61760E+00
	0.18911E+05	0.18180E+00
	0.18939E+05	0.35330E+00
	0.18968E+05	0.44340E+00
	0.18997E+05	0.73800E-01
	0.19026E+05	0.29390E+00
	0.19055E+05	0.10740E+00
	0.19084E+05	0.48490E+00
	0.19113E+05	0.24710E+00
	0.19142E+05	0.23280E+00
	0.19172E+05	0.47010E+00
	0.19201E+05	0.22280E+00
	0.19231E+05	0.51210E+00
	0.19260E+05	0.52690E+00
	0.19290E+05	0.46560E+00
	0.19320E+05	0.49420E+00
	0.19350E+05	0.64030E+00
	0.19380E+05	0.47670E+00
	0.19410E+05	0.56080E+00
	0.19440E+05	0.61700E+00
	0.19470E+05	0.66810E+00
	0.19501E+05	0.70220E+00
	0.19531E+05	0.55800E+00
	0.19562E+05	0.48050E+00
	0.19592E+05	0.57340E+00
	0.19623E+05	0.62870E+00
	0.19654E+05	0.61940E+00
	0.19685E+05	0.75110E+00
	0.19716E+05	0.78520E+00
	0.19747E+05	0.87460E+00
	0.19778E+05	0.95920E+00
	0.19810E+05	0.90190E+00
	0.19841E+05	0.96080E+00
	0.19873E+05	0.95210E+00
	0.19904E+05	0.94560E+00
	0.19936E+05	0.95830E+00
	0.19968E+05	0.83990E+00
	0.20000E+05	0.53250E+00
	0.20032E+05	0.35100E+00
	0.20064E+05	0.37910E+00
	0.20096E+05	0.57350E+00
	0.20129E+05	0.43120E+00
	0.20161E+05	0.52010E+00
	0.20194E+05	0.61280E+00
	0.20227E+05	0.76270E+00
	0.20259E+05	0.87930E+00
	0.20292E+05	0.95080E+00
	0.20325E+05	0.97020E+00
	0.20358E+05	0.97220E+00
	0.20392E+05	0.95990E+00
	0.20425E+05	0.94800E+00
	0.20458E+05	0.94880E+00
	0.20492E+05	0.84180E+00
	0.20525E+05	0.70390E+00
	0.20559E+05	0.65250E+00
	0.20593E+05	0.82350E+00
	0.20627E+05	0.77040E+00
	0.20661E+05	0.75040E+00
	0.20695E+05	0.77940E+00
	0.20730E+05	0.86840E+00
	0.20764E+05	0.91840E+00
	0.20799E+05	0.97270E+00
	0.20833E+05	0.95960E+00
	0.20868E+05	0.96900E+00
	0.20903E+05	0.97910E+00
	0.20938E+05	0.98690E+00
	0.20973E+05	0.99050E+00
	0.21008E+05	0.98940E+00
	0.21044E+05	0.99690E+00
	0.21079E+05	0.99300E+00
	0.21115E+05	0.99200E+00
	0.21151E+05	0.99660E+00
	0.21186E+05	0.99140E+00
	0.21222E+05	0.99720E+00
	0.21259E+05	0.99620E+00
	0.21295E+05	0.99580E+00
	0.21331E+05	0.10000E+01
	0.21368E+05	0.99880E+00
	0.21404E+05	0.10000E+01
	0.21441E+05	0.10000E+01
	0.21478E+05	0.99900E+00
	0.21515E+05	0.99190E+00
	0.21552E+05	0.99830E+00
	0.21589E+05	0.99650E+00
	0.21626E+05	0.98980E+00
	0.21664E+05	0.99920E+00
	0.21701E+05	0.99530E+00
	0.21739E+05	0.99650E+00
	0.21777E+05	0.99460E+00
	0.21815E+05	0.99280E+00
	0.21853E+05	0.98900E+00
	0.21891E+05	0.99440E+00
	0.21930E+05	0.99700E+00
	0.21968E+05	0.99040E+00
	0.22007E+05	0.99760E+00
	0.22046E+05	0.99400E+00
	0.22085E+05	0.99700E+00
	0.22124E+05	0.99990E+00
	0.22163E+05	0.99560E+00
	0.22203E+05	0.99980E+00
	0.22242E+05	0.99820E+00
	0.22282E+05	0.10000E+01
	0.22321E+05	0.10000E+01
	0.22361E+05	0.99930E+00
	0.22401E+05	0.10000E+01
	0.22442E+05	0.99980E+00
	0.22482E+05	0.99980E+00
	0.22523E+05	0.99870E+00
	0.22563E+05	0.99250E+00
	0.22604E+05	0.99420E+00
	0.22645E+05	0.99830E+00
	0.22686E+05	0.99540E+00
	0.22727E+05	0.99600E+00
	0.22769E+05	0.99760E+00
	0.22810E+05	0.99890E+00
	0.22852E+05	0.99970E+00
	0.22894E+05	0.10000E+01
	0.22936E+05	0.99930E+00
	0.22978E+05	0.10000E+01
	0.23020E+05	0.99970E+00
	0.23063E+05	0.99970E+00
	0.23105E+05	0.10000E+01
	0.23148E+05	0.99990E+00
	0.23191E+05	0.99930E+00
	0.23234E+05	0.99630E+00
	0.23277E+05	0.99910E+00
	0.23321E+05	0.99850E+00
	0.23365E+05	0.99860E+00
	0.23408E+05	0.97240E+00
	0.23452E+05	0.97540E+00
	0.23496E+05	0.92150E+00
	0.23541E+05	0.92480E+00
	0.23585E+05	0.96460E+00
	0.23630E+05	0.97390E+00
	0.23674E+05	0.98500E+00
	0.23719E+05	0.80690E+00
	0.23764E+05	0.94520E+00
	0.23810E+05	0.97600E+00
	0.23855E+05	0.93110E+00
	0.23901E+05	0.92910E+00
	0.23946E+05	0.95110E+00
	0.23992E+05	0.96260E+00
	0.24038E+05	0.96450E+00
	0.24085E+05	0.93450E+00
	0.24131E+05	0.96020E+00
	0.24178E+05	0.85270E+00
	0.24225E+05	0.99560E+00
	0.24272E+05	0.97020E+00
	0.24319E+05	0.96530E+00
	0.24366E+05	0.81410E+00
	0.24414E+05	0.99520E+00
	0.24462E+05	0.83350E+00
	0.24510E+05	0.86400E+00
	0.24558E+05	0.92690E+00
	0.24606E+05	0.89880E+00
	0.24655E+05	0.97070E+00
	0.24704E+05	0.81210E+00
	0.24752E+05	0.91600E+00
	0.24802E+05	0.88300E+00
	0.24851E+05	0.76990E+00
	0.24900E+05	0.64290E+00
	0.24950E+05	0.72670E+00
	0.25000E+05	0.86230E+00
	0.25050E+05	0.69870E+00
	0.25100E+05	0.76470E+00
	0.25151E+05	0.46300E+00
	0.25202E+05	0.60470E+00
	0.25253E+05	0.41540E+00
	0.25304E+05	0.21050E+00
	0.25355E+05	0.22840E+00
	0.25407E+05	0.24300E+00
	0.25458E+05	0.72100E-01
	0.25510E+05	0.86100E-01
	0.25562E+05	0.35520E+00
	0.25615E+05	0.15200E-01
	0.25667E+05	0.30800E-01
	0.25720E+05	0.63000E-02
	0.25773E+05	0.12300E-01
	0.25826E+05	0.90000E-03
	0.25880E+05	0.40000E-03
	0.25934E+05	0.80000E-03
	0.25988E+05	0.34000E-02
	0.26042E+05	0.00000E+00
	0.26096E+05	0.10000E-02
	0.26151E+05	0.30000E-03
	0.26205E+05	0.13000E-02
	0.26261E+05	0.36000E-02
	0.26316E+05	0.00000E+00
	0.26371E+05	0.11330E+00
	0.26427E+05	0.30500E-01
	0.26483E+05	0.86500E-01
	0.26539E+05	0.11000E-02
	0.26596E+05	0.13000E-02
	0.26652E+05	0.00000E+00
	0.26709E+05	0.00000E+00
	0.26767E+05	0.00000E+00
	0.26824E+05	0.00000E+00
	0.26882E+05	0.00000E+00
	0.26940E+05	0.00000E+00
	0.26998E+05	0.00000E+00
	0.46767E+05	0.00000E+00
	0.46824E+05	0.00000E+00
	0.46882E+05	0.00000E+00
	0.46940E+05	0.00000E+00
	0.46998E+05	0.00000E+00
